new,old,weight
Aberafan Maesteg,Aberavon,61.20%
Aberafan Maesteg,Bridgend,15.94%
Aberafan Maesteg,Neath,1.25%
Aberafan Maesteg,Ogmore,21.61%
Aberdeen North,Aberdeen North,69.21%
Aberdeen North,Aberdeen South,2.26%
Aberdeen North,Gordon,28.53%
Aberdeen South,Aberdeen North,19.56%
Aberdeen South,Aberdeen South,80.44%
Aberdeenshire North and Moray East,Banff and Buchan,74.78%
Aberdeenshire North and Moray East,Moray,25.22%
Airdrie and Shotts,Airdrie and Shotts,92.06%
Airdrie and Shotts,"Coatbridge, Chryston and Bellshill",0
Airdrie and Shotts,"Cumbernauld, Kilsyth and Kirkintilloch East",0
Airdrie and Shotts,Motherwell and Wishaw,7.94%
Aldershot,Aldershot,94.75%
Aldershot,North East Hampshire,5.25%
Aldridge-Brownhills,Aldridge-Brownhills,82.96%
Aldridge-Brownhills,Walsall South,17.04%
Alloa and Grangemouth,Falkirk,32.35%
Alloa and Grangemouth,Linlithgow and East Falkirk,16.95%
Alloa and Grangemouth,Ochil and South Perthshire,50.70%
Altrincham and Sale West,Altrincham and Sale West,100.00%
Alyn and Deeside,Alyn and Deeside,82.66%
Alyn and Deeside,Delyn,17.34%
Amber Valley,Amber Valley,100.00%
Amber Valley,Mid Derbyshire,0
Angus and Perthshire Glens,Angus,53.14%
Angus and Perthshire Glens,Dundee East,0
Angus and Perthshire Glens,Dundee West,4.71%
Angus and Perthshire Glens,Ochil and South Perthshire,5.56%
Angus and Perthshire Glens,Perth and North Perthshire,36.60%
Arbroath and Broughty Ferry,Angus,31.37%
Arbroath and Broughty Ferry,Dundee East,68.63%
"Argyll, Bute and South Lochaber",Argyll and Bute,93.43%
"Argyll, Bute and South Lochaber","Ross, Skye and Lochaber",6.57%
Arundel and South Downs,Arundel and South Downs,72.13%
Arundel and South Downs,Bognor Regis and Littlehampton,0.13%
Arundel and South Downs,Chichester,27.74%
Ashfield,Ashfield,94.57%
Ashfield,Mansfield,5.43%
Ashford,Ashford,80.62%
Ashford,Folkestone and Hythe,19.38%
Ashton-under-Lyne,Ashton-under-Lyne,74.49%
Ashton-under-Lyne,Denton and Reddish,25.51%
Aylesbury,Aylesbury,76.77%
Aylesbury,Buckingham,23.23%
"Ayr, Carrick and Cumnock","Ayr, Carrick and Cumnock",100.00%
Banbury,Banbury,81.03%
Banbury,Witney,18.97%
Bangor Aberconwy,Aberconwy,60.56%
Bangor Aberconwy,Arfon,28.58%
Bangor Aberconwy,Clwyd West,10.86%
Barking,Barking,100.00%
Barnsley North,Barnsley Central,75.78%
Barnsley North,Barnsley East,24.22%
Barnsley South,Barnsley Central,10.84%
Barnsley South,Barnsley East,65.85%
Barnsley South,Wentworth and Dearne,23.31%
Barrow and Furness,Barrow and Furness,89.75%
Barrow and Furness,Copeland,10.25%
Basildon and Billericay,Basildon and Billericay,90.38%
Basildon and Billericay,South Basildon and East Thurrock,9.62%
Basingstoke,Basingstoke,92.99%
Basingstoke,North West Hampshire,7.01%
Bassetlaw,Bassetlaw,100.00%
Bath,Bath,92.80%
Bath,North East Somerset,7.20%
Bathgate and Linlithgow,Linlithgow and East Falkirk,90.30%
Bathgate and Linlithgow,Livingston,9.70%
Battersea,Battersea,100.00%
Beaconsfield,Beaconsfield,100.00%
Beckenham and Penge,Beckenham,54.94%
Beckenham and Penge,Lewisham West and Penge,45.06%
Bedford,Bedford,98.56%
Bedford,North East Bedfordshire,1.44%
Belfast East,Belfast East,89.61%
Belfast East,Belfast South,10.39%
Belfast North,Belfast North,94.35%
Belfast North,Belfast West,2.88%
Belfast North,East Antrim,0.43%
Belfast North,South Antrim,2.35%
Belfast South and Mid Down,Belfast South,88.86%
Belfast South and Mid Down,Belfast West,1.23%
Belfast South and Mid Down,Lagan Valley,3.13%
Belfast South and Mid Down,Strangford,6.77%
Belfast West,Belfast North,7.01%
Belfast West,Belfast South,0
Belfast West,Belfast West,87.56%
Belfast West,Lagan Valley,5.43%
Bermondsey and Old Southwark,Bermondsey and Old Southwark,98.94%
Bermondsey and Old Southwark,Camberwell and Peckham,1.06%
"Berwickshire, Roxburgh and Selkirk","Berwickshire, Roxburgh and Selkirk",100.00%
"Berwickshire, Roxburgh and Selkirk","Dumfriesshire, Clydesdale and Tweeddale",0
Bethnal Green and Stepney,Bethnal Green and Bow,86.61%
Bethnal Green and Stepney,Poplar and Limehouse,13.39%
Beverley and Holderness,Beverley and Holderness,100.00%
Bexhill and Battle,Bexhill and Battle,93.23%
Bexhill and Battle,Hastings and Rye,6.77%
Bexleyheath and Crayford,Bexleyheath and Crayford,82.20%
Bexleyheath and Crayford,Erith and Thamesmead,17.80%
Bicester and Woodstock,Banbury,53.44%
Bicester and Woodstock,Henley,5.48%
Bicester and Woodstock,Oxford West and Abingdon,18.79%
Bicester and Woodstock,Witney,22.28%
Birkenhead,Birkenhead,85.58%
Birkenhead,Wirral South,14.42%
Birmingham Edgbaston,"Birmingham, Edgbaston",88.87%
Birmingham Edgbaston,"Birmingham, Ladywood",11.13%
Birmingham Erdington,"Birmingham, Erdington",86.14%
Birmingham Erdington,"Birmingham, Perry Barr",13.86%
Birmingham Hall Green and Moseley,"Birmingham, Hall Green",93.04%
Birmingham Hall Green and Moseley,"Birmingham, Selly Oak",3.34%
Birmingham Hall Green and Moseley,"Birmingham, Yardley",3.62%
Birmingham Hodge Hill and Solihull North,"Birmingham, Hodge Hill",66.02%
Birmingham Hodge Hill and Solihull North,"Birmingham, Yardley",13.99%
Birmingham Hodge Hill and Solihull North,Meriden,19.99%
Birmingham Ladywood,"Birmingham, Edgbaston",0.79%
Birmingham Ladywood,"Birmingham, Hall Green",7.21%
Birmingham Ladywood,"Birmingham, Hodge Hill",22.11%
Birmingham Ladywood,"Birmingham, Ladywood",69.61%
Birmingham Ladywood,"Birmingham, Perry Barr",0
Birmingham Ladywood,"Birmingham, Yardley",0.28%
Birmingham Northfield,"Birmingham, Edgbaston",2.45%
Birmingham Northfield,"Birmingham, Northfield",97.55%
Birmingham Northfield,"Birmingham, Selly Oak",0
Birmingham Perry Barr,"Birmingham, Ladywood",21.57%
Birmingham Perry Barr,"Birmingham, Perry Barr",78.43%
Birmingham Selly Oak,"Birmingham, Hall Green",1.45%
Birmingham Selly Oak,"Birmingham, Northfield",0.68%
Birmingham Selly Oak,"Birmingham, Selly Oak",97.86%
Birmingham Yardley,"Birmingham, Hall Green",0.23%
Birmingham Yardley,"Birmingham, Hodge Hill",15.91%
Birmingham Yardley,"Birmingham, Yardley",83.86%
Bishop Auckland,Bishop Auckland,73.13%
Bishop Auckland,North West Durham,26.87%
Blackburn,Blackburn,99.45%
Blackburn,Rossendale and Darwen,0.55%
Blackley and Middleton South,Blackley and Broughton,66.93%
Blackley and Middleton South,Heywood and Middleton,18.69%
Blackley and Middleton South,Manchester Central,14.38%
Blackpool North and Fleetwood,Blackpool North and Cleveleys,57.30%
Blackpool North and Fleetwood,Lancaster and Fleetwood,27.61%
Blackpool North and Fleetwood,Wyre and Preston North,15.09%
Blackpool South,Blackpool North and Cleveleys,25.98%
Blackpool South,Blackpool South,74.02%
Blaenau Gwent and Rhymney,Blaenau Gwent,70.89%
Blaenau Gwent and Rhymney,Caerphilly,8.51%
Blaenau Gwent and Rhymney,Islwyn,4.06%
Blaenau Gwent and Rhymney,Merthyr Tydfil and Rhymney,16.55%
Blaydon and Consett,Blaydon,49.27%
Blaydon and Consett,Hexham,0
Blaydon and Consett,North West Durham,50.73%
Blyth and Ashington,Blyth Valley,39.13%
Blyth and Ashington,Wansbeck,60.87%
Bognor Regis and Littlehampton,Bognor Regis and Littlehampton,87.20%
Bognor Regis and Littlehampton,Worthing West,12.80%
Bolsover,Bolsover,99.56%
Bolsover,North East Derbyshire,0.44%
Bolton North East,Bolton North East,88.73%
Bolton North East,Bolton South East,11.27%
Bolton South and Walkden,Bolton South East,67.81%
Bolton South and Walkden,Worsley and Eccles South,32.19%
Bolton West,Bolton South East,15.06%
Bolton West,Bolton West,84.94%
Bootle,Bootle,100.00%
Boston and Skegness,Boston and Skegness,93.84%
Boston and Skegness,Louth and Horncastle,6.16%
Bournemouth East,Bournemouth East,100.00%
Bournemouth East,Bournemouth West,0
Bournemouth East,Christchurch,0
Bournemouth West,Bournemouth West,96.74%
Bournemouth West,Poole,3.26%
Bracknell,Bracknell,92.14%
Bracknell,Windsor,7.86%
Bradford East,Bradford East,100.00%
Bradford South,Bradford East,2.58%
Bradford South,Bradford South,97.42%
Bradford West,Bradford West,100.00%
Braintree,Braintree,90.86%
Braintree,Saffron Walden,6.55%
Braintree,Witham,2.59%
"Brecon, Radnor and Cwm Tawe",Brecon and Radnorshire,75.41%
"Brecon, Radnor and Cwm Tawe",Neath,24.59%
Brent East,Brent Central,78.20%
Brent East,Brent North,11.82%
Brent East,Hampstead and Kilburn,9.99%
Brent West,Brent Central,16.34%
Brent West,Brent North,83.66%
Brentford and Isleworth,Brentford and Isleworth,83.23%
Brentford and Isleworth,Feltham and Heston,8.67%
Brentford and Isleworth,Twickenham,8.11%
Brentwood and Ongar,Brentwood and Ongar,100.00%
Bridgend,Bridgend,74.71%
Bridgend,Ogmore,25.29%
Bridgwater,Bridgwater and West Somerset,76.19%
Bridgwater,Wells,23.81%
Bridlington and The Wolds,Beverley and Holderness,11.27%
Bridlington and The Wolds,East Yorkshire,88.73%
Brigg and Immingham,Brigg and Goole,19.86%
Brigg and Immingham,Cleethorpes,67.67%
Brigg and Immingham,Great Grimsby,12.47%
Brighton Kemptown and Peacehaven,"Brighton, Kemptown",98.20%
Brighton Kemptown and Peacehaven,"Brighton, Pavilion",1.80%
Brighton Pavilion,"Brighton, Pavilion",100.00%
Bristol Central,Bristol West,100.00%
Bristol East,Bristol East,56.56%
Bristol East,Bristol South,12.76%
Bristol East,Bristol West,30.68%
Bristol North East,Bristol East,42.60%
Bristol North East,Bristol North West,13.57%
Bristol North East,Filton and Bradley Stoke,9.97%
Bristol North East,Kingswood,33.86%
Bristol North West,Bristol North West,88.50%
Bristol North West,Bristol West,11.50%
Bristol South,Bristol South,100.00%
Broadland and Fakenham,Broadland,100.00%
Bromley and Biggin Hill,Beckenham,34.78%
Bromley and Biggin Hill,Bromley and Chislehurst,52.65%
Bromley and Biggin Hill,Orpington,12.57%
Bromsgrove,Bromsgrove,100.00%
Broxbourne,Broxbourne,91.34%
Broxbourne,Hertford and Stortford,8.66%
Broxtowe,Ashfield,15.47%
Broxtowe,Broxtowe,84.53%
Buckingham and Bletchley,Buckingham,41.65%
Buckingham and Bletchley,Milton Keynes South,58.35%
Burnley,Burnley,86.39%
Burnley,Pendle,13.61%
Burton and Uttoxeter,Burton,100.00%
Bury North,Bury North,89.04%
Bury North,Bury South,10.96%
Bury South,Blackley and Broughton,15.03%
Bury South,Bury South,84.97%
Bury St Edmunds and Stowmarket,Bury St Edmunds,89.62%
Bury St Edmunds and Stowmarket,West Suffolk,10.38%
Caerfyrddin,Carmarthen East and Dinefwr,66.01%
Caerfyrddin,Carmarthen West and South Pembrokeshire,33.99%
Caerphilly,Caerphilly,80.86%
Caerphilly,Islwyn,19.14%
"Caithness, Sutherland and Easter Ross","Caithness, Sutherland and Easter Ross",62.46%
"Caithness, Sutherland and Easter Ross","Inverness, Nairn, Badenoch and Strathspey",3.79%
"Caithness, Sutherland and Easter Ross","Ross, Skye and Lochaber",33.75%
Calder Valley,Calder Valley,100.00%
Camborne and Redruth,Camborne and Redruth,89.48%
Camborne and Redruth,Truro and Falmouth,10.52%
Cambridge,Cambridge,100.00%
Cambridge,South Cambridgeshire,0
Cannock Chase,Cannock Chase,100.00%
Canterbury,Canterbury,100.00%
Canterbury,North Thanet,0
Cardiff East,Cardiff Central,65.17%
Cardiff East,Cardiff South and Penarth,34.83%
Cardiff North,Cardiff North,96.22%
Cardiff North,Cardiff South and Penarth,0
Cardiff North,Pontypridd,3.78%
Cardiff South and Penarth,Cardiff Central,20.50%
Cardiff South and Penarth,Cardiff South and Penarth,71.78%
Cardiff South and Penarth,Vale of Glamorgan,7.72%
Cardiff West,Cardiff West,92.73%
Cardiff West,Ogmore,0.78%
Cardiff West,Pontypridd,6.49%
Carlisle,Carlisle,78.76%
Carlisle,Penrith and The Border,21.24%
Carshalton and Wallington,Carshalton and Wallington,99.69%
Carshalton and Wallington,Sutton and Cheam,0.31%
Castle Point,Castle Point,97.86%
Castle Point,South Basildon and East Thurrock,2.14%
Central Ayrshire,Central Ayrshire,100.00%
Central Devon,Central Devon,99.82%
Central Devon,Newton Abbot,0.18%
Central Suffolk and North Ipswich,Bury St Edmunds,7.75%
Central Suffolk and North Ipswich,Central Suffolk and North Ipswich,90.19%
Central Suffolk and North Ipswich,Suffolk Coastal,2.06%
Ceredigion Preseli,Ceredigion,76.18%
Ceredigion Preseli,Preseli Pembrokeshire,23.82%
Chatham and Aylesford,Chatham and Aylesford,87.15%
Chatham and Aylesford,Rochester and Strood,12.85%
Cheadle,Cheadle,100.00%
Chelmsford,Chelmsford,100.00%
Chelsea and Fulham,Chelsea and Fulham,81.80%
Chelsea and Fulham,Hammersmith,17.04%
Chelsea and Fulham,Kensington,1.17%
Cheltenham,Cheltenham,100.00%
Chesham and Amersham,Beaconsfield,8.63%
Chesham and Amersham,Chesham and Amersham,81.74%
Chesham and Amersham,Wycombe,9.63%
Chester North and Neston,City of Chester,78.17%
Chester North and Neston,Ellesmere Port and Neston,21.83%
Chester South and Eddisbury,City of Chester,26.82%
Chester South and Eddisbury,Crewe and Nantwich,6.06%
Chester South and Eddisbury,Eddisbury,57.62%
Chester South and Eddisbury,Tatton,0
Chester South and Eddisbury,Weaver Vale,9.51%
Chesterfield,Chesterfield,100.00%
Chichester,Bognor Regis and Littlehampton,15.99%
Chichester,Chichester,84.01%
Chingford and Woodford Green,Chingford and Woodford Green,83.23%
Chingford and Woodford Green,Ilford North,16.77%
Chippenham,Chippenham,50.42%
Chippenham,Devizes,0.80%
Chippenham,North Wiltshire,48.79%
Chipping Barnet,Chipping Barnet,86.56%
Chipping Barnet,Finchley and Golders Green,0.22%
Chipping Barnet,Hendon,13.22%
Chorley,Chorley,100.00%
Christchurch,Christchurch,98.34%
Christchurch,North Dorset,1.66%
Cities of London and Westminster,Cities of London and Westminster,82.27%
Cities of London and Westminster,Westminster North,17.73%
City of Durham,City of Durham,85.09%
City of Durham,North West Durham,14.91%
Clacton,Clacton,92.64%
Clacton,Harwich and North Essex,7.36%
Clapham and Brixton Hill,Streatham,54.55%
Clapham and Brixton Hill,Vauxhall,45.45%
Clwyd East,Clwyd South,6.26%
Clwyd East,Clwyd West,12.38%
Clwyd East,Delyn,55.02%
Clwyd East,Vale of Clwyd,26.33%
Clwyd North,Clwyd West,52.28%
Clwyd North,Vale of Clwyd,47.72%
Coatbridge and Bellshill,Airdrie and Shotts,0.89%
Coatbridge and Bellshill,"Coatbridge, Chryston and Bellshill",87.26%
Coatbridge and Bellshill,Motherwell and Wishaw,11.85%
Colchester,Colchester,99.36%
Colchester,Harwich and North Essex,0.64%
Colne Valley,Colne Valley,100.00%
Congleton,Congleton,99.71%
Congleton,Eddisbury,0.29%
Corby and East Northamptonshire,Corby,100.00%
Corby and East Northamptonshire,Wellingborough,0
Coventry East,Coventry North East,84.97%
Coventry East,Coventry South,15.03%
Coventry North West,Coventry North West,100.00%
Coventry South,Coventry North East,19.96%
Coventry South,Coventry South,80.04%
Cowdenbeath and Kirkcaldy,Dunfermline and West Fife,12.98%
Cowdenbeath and Kirkcaldy,Glenrothes,2.50%
Cowdenbeath and Kirkcaldy,Kirkcaldy and Cowdenbeath,84.51%
Cramlington and Killingworth,Blyth Valley,47.23%
Cramlington and Killingworth,Newcastle upon Tyne North,5.00%
Cramlington and Killingworth,North Tyneside,33.44%
Cramlington and Killingworth,Tynemouth,14.33%
Crawley,Crawley,100.00%
Crewe and Nantwich,Crewe and Nantwich,99.06%
Crewe and Nantwich,Eddisbury,0.94%
Croydon East,Croydon Central,91.05%
Croydon East,Croydon South,8.95%
Croydon South,Croydon Central,7.84%
Croydon South,Croydon South,92.16%
Croydon West,Croydon Central,13.83%
Croydon West,Croydon North,72.91%
Croydon West,Croydon South,13.26%
Cumbernauld and Kirkintilloch,Airdrie and Shotts,0
Cumbernauld and Kirkintilloch,"Coatbridge, Chryston and Bellshill",13.00%
Cumbernauld and Kirkintilloch,"Cumbernauld, Kilsyth and Kirkintilloch East",85.76%
Cumbernauld and Kirkintilloch,East Dunbartonshire,0
Cumbernauld and Kirkintilloch,Glasgow East,1.24%
Dagenham and Rainham,Barking,10.13%
Dagenham and Rainham,Dagenham and Rainham,86.97%
Dagenham and Rainham,Hornchurch and Upminster,2.90%
Darlington,Darlington,94.71%
Darlington,Sedgefield,5.29%
Dartford,Dartford,100.00%
Daventry,Daventry,93.19%
Daventry,South Northamptonshire,1.91%
Daventry,Wellingborough,4.90%
Derby North,Derby North,100.00%
Derby South,Derby South,100.00%
Derbyshire Dales,Derbyshire Dales,85.94%
Derbyshire Dales,South Derbyshire,14.06%
Dewsbury and Batley,Batley and Spen,37.59%
Dewsbury and Batley,Dewsbury,62.41%
Dewsbury and Batley,Huddersfield,0
Didcot and Wantage,Henley,2.79%
Didcot and Wantage,Wantage,97.21%
Doncaster Central,Don Valley,7.00%
Doncaster Central,Doncaster Central,93.00%
Doncaster East and the Isle of Axholme,Brigg and Goole,24.36%
Doncaster East and the Isle of Axholme,Don Valley,69.89%
Doncaster East and the Isle of Axholme,Doncaster North,5.75%
Doncaster North,Doncaster Central,3.38%
Doncaster North,Doncaster North,96.62%
Dorking and Horley,East Surrey,29.24%
Dorking and Horley,Guildford,2.51%
Dorking and Horley,Mole Valley,64.45%
Dorking and Horley,Reigate,3.79%
Dover and Deal,Dover,99.02%
Dover and Deal,South Thanet,0.98%
Droitwich and Evesham,Mid Worcestershire,100.00%
Dudley,Dudley North,85.42%
Dudley,Dudley South,14.58%
Dulwich and West Norwood,Camberwell and Peckham,8.91%
Dulwich and West Norwood,Dulwich and West Norwood,91.09%
Dumfries and Galloway,Dumfries and Galloway,96.74%
Dumfries and Galloway,"Dumfriesshire, Clydesdale and Tweeddale",3.26%
"Dumfriesshire, Clydesdale and Tweeddale","Berwickshire, Roxburgh and Selkirk",0
"Dumfriesshire, Clydesdale and Tweeddale",Dumfries and Galloway,0.71%
"Dumfriesshire, Clydesdale and Tweeddale","Dumfriesshire, Clydesdale and Tweeddale",93.84%
"Dumfriesshire, Clydesdale and Tweeddale","East Kilbride, Strathaven and Lesmahagow",0
"Dumfriesshire, Clydesdale and Tweeddale",Lanark and Hamilton East,5.45%
Dundee Central,Dundee East,19.69%
Dundee Central,Dundee West,80.31%
Dunfermline and Dollar,Dunfermline and West Fife,96.11%
Dunfermline and Dollar,Kirkcaldy and Cowdenbeath,0
Dunfermline and Dollar,Ochil and South Perthshire,3.89%
Dunstable and Leighton Buzzard,Luton South,0.33%
Dunstable and Leighton Buzzard,South West Bedfordshire,99.67%
Dwyfor Meirionnydd,Arfon,35.44%
Dwyfor Meirionnydd,Clwyd South,3.66%
Dwyfor Meirionnydd,Dwyfor Meirionnydd,60.90%
Ealing Central and Acton,Ealing Central and Acton,86.43%
Ealing Central and Acton,Ealing North,0
Ealing Central and Acton,Hammersmith,13.57%
Ealing North,Ealing North,100.00%
Ealing Southall,Ealing Central and Acton,11.82%
Ealing Southall,Ealing North,1.72%
Ealing Southall,"Ealing, Southall",86.47%
Earley and Woodley,Maidenhead,8.35%
Earley and Woodley,Reading East,35.65%
Earley and Woodley,Reading West,13.97%
Earley and Woodley,Wokingham,42.03%
Easington,City of Durham,0.69%
Easington,Easington,87.48%
Easington,Sedgefield,11.83%
East Antrim,East Antrim,88.60%
East Antrim,North Antrim,10.95%
East Antrim,South Antrim,0.45%
East Grinstead and Uckfield,Horsham,20.48%
East Grinstead and Uckfield,Lewes,11.09%
East Grinstead and Uckfield,Mid Sussex,36.20%
East Grinstead and Uckfield,Wealden,32.23%
East Ham,East Ham,100.00%
East Hampshire,East Hampshire,73.17%
East Hampshire,Meon Valley,24.98%
East Hampshire,North East Hampshire,1.34%
East Hampshire,North West Hampshire,0.51%
East Kilbride and Strathaven,"East Kilbride, Strathaven and Lesmahagow",99.27%
East Kilbride and Strathaven,Lanark and Hamilton East,0.73%
East Kilbride and Strathaven,Rutherglen and Hamilton West,0
East Londonderry,East Londonderry,96.06%
East Londonderry,Foyle,3.42%
East Renfrewshire,East Renfrewshire,100.00%
East Surrey,East Surrey,88.61%
East Surrey,Reigate,11.39%
East Thanet,North Thanet,18.84%
East Thanet,South Thanet,81.16%
East Wiltshire,Devizes,68.18%
East Wiltshire,Salisbury,17.97%
East Wiltshire,South Swindon,13.85%
East Worthing and Shoreham,East Worthing and Shoreham,100.00%
Eastbourne,Eastbourne,100.00%
Eastleigh,Eastleigh,70.78%
Eastleigh,Romsey and Southampton North,6.64%
Eastleigh,Winchester,22.58%
Edinburgh East and Musselburgh,East Lothian,10.90%
Edinburgh East and Musselburgh,Edinburgh East,89.10%
Edinburgh East and Musselburgh,Edinburgh South,0
Edinburgh North and Leith,Edinburgh North and Leith,93.68%
Edinburgh North and Leith,Edinburgh West,6.32%
Edinburgh South,Edinburgh East,5.56%
Edinburgh South,Edinburgh South,94.44%
Edinburgh South West,Edinburgh South,0
Edinburgh South West,Edinburgh South West,100.00%
Edinburgh West,Edinburgh North and Leith,9.89%
Edinburgh West,Edinburgh West,90.11%
Edmonton and Winchmore Hill,Edmonton,76.47%
Edmonton and Winchmore Hill,Enfield North,0
Edmonton and Winchmore Hill,"Enfield, Southgate",23.53%
Ellesmere Port and Bromborough,Ellesmere Port and Neston,68.05%
Ellesmere Port and Bromborough,Wirral South,31.95%
Eltham and Chislehurst,Bromley and Chislehurst,24.50%
Eltham and Chislehurst,Eltham,75.50%
Ely and East Cambridgeshire,North East Cambridgeshire,17.43%
Ely and East Cambridgeshire,South Cambridgeshire,6.42%
Ely and East Cambridgeshire,South East Cambridgeshire,76.14%
Enfield North,Edmonton,14.62%
Enfield North,Enfield North,83.31%
Enfield North,"Enfield, Southgate",2.07%
Epping Forest,Epping Forest,100.00%
Epsom and Ewell,Epsom and Ewell,88.79%
Epsom and Ewell,Mole Valley,11.21%
Erewash,Erewash,100.00%
Erith and Thamesmead,Bexleyheath and Crayford,1.56%
Erith and Thamesmead,Eltham,10.21%
Erith and Thamesmead,Erith and Thamesmead,74.65%
Erith and Thamesmead,Greenwich and Woolwich,13.59%
Esher and Walton,Esher and Walton,93.80%
Esher and Walton,Runnymede and Weybridge,6.20%
Exeter,East Devon,0.75%
Exeter,Exeter,99.25%
Exmouth and Exeter East,Central Devon,2.15%
Exmouth and Exeter East,East Devon,83.54%
Exmouth and Exeter East,Exeter,14.30%
Falkirk,Falkirk,82.83%
Falkirk,Linlithgow and East Falkirk,17.17%
Fareham and Waterlooville,Fareham,54.28%
Fareham and Waterlooville,Meon Valley,45.72%
Farnham and Bordon,East Hampshire,36.49%
Farnham and Bordon,South West Surrey,63.51%
Faversham and Mid Kent,Faversham and Mid Kent,90.24%
Faversham and Mid Kent,Sittingbourne and Sheppey,9.76%
Feltham and Heston,Feltham and Heston,100.00%
Fermanagh and South Tyrone,Fermanagh and South Tyrone,93.66%
Fermanagh and South Tyrone,Mid Ulster,1.44%
Fermanagh and South Tyrone,Newry and Armagh,4.90%
Filton and Bradley Stoke,Filton and Bradley Stoke,82.53%
Filton and Bradley Stoke,Kingswood,14.91%
Filton and Bradley Stoke,Thornbury and Yate,2.56%
Finchley and Golders Green,Chipping Barnet,0.26%
Finchley and Golders Green,Finchley and Golders Green,99.74%
Folkestone and Hythe,Folkestone and Hythe,100.00%
Forest of Dean,Forest of Dean,100.00%
Foyle,Foyle,100.00%
Frome and East Somerset,North East Somerset,40.27%
Frome and East Somerset,Somerton and Frome,54.33%
Frome and East Somerset,Wells,5.40%
Fylde,Fylde,84.53%
Fylde,Wyre and Preston North,15.47%
Gainsborough,Gainsborough,100.00%
Gateshead Central and Whickham,Blaydon,25.20%
Gateshead Central and Whickham,Gateshead,74.80%
Gedling,Gedling,93.67%
Gedling,Sherwood,6.33%
Gillingham and Rainham,Gillingham and Rainham,100.00%
Glasgow East,Glasgow Central,45.04%
Glasgow East,Glasgow East,53.36%
Glasgow East,Glasgow South,1.61%
Glasgow North,Glasgow Central,24.63%
Glasgow North,Glasgow North,55.31%
Glasgow North,Glasgow North East,19.22%
Glasgow North,Glasgow North West,0.84%
Glasgow North East,East Dunbartonshire,0
Glasgow North East,Glasgow Central,3.68%
Glasgow North East,Glasgow East,35.20%
Glasgow North East,Glasgow North East,61.12%
Glasgow South,Glasgow Central,10.94%
Glasgow South,Glasgow South,89.06%
Glasgow South,Glasgow South West,0
Glasgow South West,Glasgow Central,19.14%
Glasgow South West,Glasgow South,6.37%
Glasgow South West,Glasgow South West,74.49%
Glasgow West,Glasgow North,20.65%
Glasgow West,Glasgow North West,79.35%
Glastonbury and Somerton,Somerton and Frome,66.54%
Glastonbury and Somerton,Wells,23.58%
Glastonbury and Somerton,Yeovil,9.88%
Glenrothes and Mid Fife,Glenrothes,79.46%
Glenrothes and Mid Fife,Kirkcaldy and Cowdenbeath,20.54%
Glenrothes and Mid Fife,North East Fife,0
Gloucester,Gloucester,100.00%
Godalming and Ash,Guildford,26.63%
Godalming and Ash,Mole Valley,5.87%
Godalming and Ash,South West Surrey,46.30%
Godalming and Ash,Surrey Heath,21.20%
Goole and Pocklington,Brigg and Goole,30.90%
Goole and Pocklington,East Yorkshire,21.47%
Goole and Pocklington,Haltemprice and Howden,47.63%
Gordon and Buchan,Banff and Buchan,20.86%
Gordon and Buchan,Gordon,79.14%
Gorton and Denton,Denton and Reddish,29.62%
Gorton and Denton,"Manchester, Gorton",58.41%
Gorton and Denton,"Manchester, Withington",11.98%
Gosport,Gosport,100.00%
Gower,Gower,73.50%
Gower,Swansea East,0.64%
Gower,Swansea West,25.86%
Grantham and Bourne,Grantham and Stamford,75.28%
Grantham and Bourne,Sleaford and North Hykeham,24.72%
Gravesham,Gravesham,100.00%
Great Grimsby and Cleethorpes,Cleethorpes,30.37%
Great Grimsby and Cleethorpes,Great Grimsby,69.63%
Great Yarmouth,Great Yarmouth,100.00%
Greenwich and Woolwich,Greenwich and Woolwich,100.00%
Guildford,Guildford,81.87%
Guildford,Mole Valley,18.13%
Hackney North and Stoke Newington,Hackney North and Stoke Newington,88.48%
Hackney North and Stoke Newington,Hackney South and Shoreditch,11.52%
Hackney South and Shoreditch,Hackney North and Stoke Newington,9.08%
Hackney South and Shoreditch,Hackney South and Shoreditch,90.92%
Halesowen,Halesowen and Rowley Regis,71.08%
Halesowen,Stourbridge,28.92%
Halifax,Calder Valley,3.28%
Halifax,Halifax,96.72%
Hamble Valley,Eastleigh,47.96%
Hamble Valley,Fareham,45.49%
Hamble Valley,Meon Valley,6.54%
Hamilton and Clyde Valley,"East Kilbride, Strathaven and Lesmahagow",9.99%
Hamilton and Clyde Valley,Lanark and Hamilton East,59.66%
Hamilton and Clyde Valley,Rutherglen and Hamilton West,30.35%
Hammersmith and Chiswick,Brentford and Isleworth,31.61%
Hammersmith and Chiswick,Hammersmith,68.39%
Hampstead and Highgate,Hampstead and Kilburn,71.31%
Hampstead and Highgate,Holborn and St Pancras,17.77%
Hampstead and Highgate,Hornsey and Wood Green,10.92%
"Harborough, Oadby and Wigston",Harborough,99.59%
"Harborough, Oadby and Wigston",Rutland and Melton,0.41%
Harlow,Brentwood and Ongar,0.22%
Harlow,Harlow,93.93%
Harlow,Saffron Walden,5.85%
Harpenden and Berkhamsted,Hemel Hempstead,8.93%
Harpenden and Berkhamsted,Hitchin and Harpenden,51.12%
Harpenden and Berkhamsted,South West Hertfordshire,39.94%
Harrogate and Knaresborough,Harrogate and Knaresborough,98.55%
Harrogate and Knaresborough,Selby and Ainsty,0.76%
Harrogate and Knaresborough,Skipton and Ripon,0.69%
Harrow East,Brent North,14.53%
Harrow East,Harrow East,84.60%
Harrow East,Harrow West,0.23%
Harrow East,"Ruislip, Northwood and Pinner",0.63%
Harrow West,Harrow East,9.14%
Harrow West,Harrow West,90.86%
Hartlepool,Hartlepool,100.00%
Harwich and North Essex,Colchester,10.47%
Harwich and North Essex,Harwich and North Essex,89.53%
Hastings and Rye,Bexhill and Battle,1.48%
Hastings and Rye,Hastings and Rye,98.52%
Havant,Havant,100.00%
Hayes and Harlington,Hayes and Harlington,100.00%
Hayes and Harlington,Uxbridge and South Ruislip,0
Hazel Grove,Hazel Grove,85.10%
Hazel Grove,Stockport,14.90%
Hemel Hempstead,Hemel Hempstead,90.80%
Hemel Hempstead,South West Hertfordshire,9.20%
Hendon,Hendon,100.00%
Henley and Thame,Henley,100.00%
Hereford and South Herefordshire,Hereford and South Herefordshire,99.61%
Hereford and South Herefordshire,North Herefordshire,0.39%
Herne Bay and Sandwich,Canterbury,6.18%
Herne Bay and Sandwich,North Thanet,80.35%
Herne Bay and Sandwich,South Thanet,13.47%
Hertford and Stortford,Hertford and Stortford,100.00%
Hertsmere,Broxbourne,5.33%
Hertsmere,Hertsmere,94.25%
Hertsmere,Welwyn Hatfield,0.42%
Hexham,Berwick-upon-Tweed,3.75%
Hexham,Blaydon,0
Hexham,Hexham,82.98%
Hexham,Newcastle upon Tyne North,11.42%
Hexham,Wansbeck,1.85%
Heywood and Middleton North,Heywood and Middleton,88.54%
Heywood and Middleton North,Rochdale,11.46%
High Peak,High Peak,100.00%
Hinckley and Bosworth,Bosworth,94.57%
Hinckley and Bosworth,North West Leicestershire,5.43%
Hitchin,Hitchin and Harpenden,55.74%
Hitchin,Mid Bedfordshire,19.35%
Hitchin,North East Bedfordshire,24.92%
Holborn and St Pancras,Hampstead and Kilburn,0.16%
Holborn and St Pancras,Holborn and St Pancras,99.84%
Honiton and Sidmouth,East Devon,30.19%
Honiton and Sidmouth,Tiverton and Honiton,69.81%
Hornchurch and Upminster,Hornchurch and Upminster,100.00%
Hornsey and Friern Barnet,Chipping Barnet,18.86%
Hornsey and Friern Barnet,Finchley and Golders Green,0
Hornsey and Friern Barnet,Hornsey and Wood Green,67.00%
Hornsey and Friern Barnet,Tottenham,14.13%
Horsham,Arundel and South Downs,5.25%
Horsham,Horsham,94.75%
Houghton and Sunderland South,Houghton and Sunderland South,89.33%
Houghton and Sunderland South,Washington and Sunderland West,10.67%
Hove and Portslade,Hove,100.00%
Huddersfield,Colne Valley,17.66%
Huddersfield,Huddersfield,82.34%
Huntingdon,Huntingdon,72.15%
Huntingdon,North West Cambridgeshire,27.85%
Hyndburn,Hyndburn,100.00%
Ilford North,Ilford North,76.18%
Ilford North,Ilford South,23.82%
Ilford North,Leyton and Wanstead,0
Ilford South,Dagenham and Rainham,9.29%
Ilford South,Ilford South,90.71%
Inverclyde and Renfrewshire West,Inverclyde,82.87%
Inverclyde and Renfrewshire West,Paisley and Renfrewshire North,17.13%
Inverclyde and Renfrewshire West,Paisley and Renfrewshire South,0
"Inverness, Skye and West Ross-shire","Inverness, Nairn, Badenoch and Strathspey",69.48%
"Inverness, Skye and West Ross-shire","Ross, Skye and Lochaber",30.52%
Ipswich,Ipswich,100.00%
Isle of Wight East,Isle of Wight,100.00%
Isle of Wight West,Isle of Wight,100.00%
Islington North,Islington North,100.00%
Islington South and Finsbury,Hackney South and Shoreditch,7.93%
Islington South and Finsbury,Islington South and Finsbury,92.07%
Jarrow and Gateshead East,Gateshead,19.60%
Jarrow and Gateshead East,Jarrow,80.40%
Keighley and Ilkley,Keighley,100.00%
Keighley and Ilkley,Shipley,0
Kenilworth and Southam,Kenilworth and Southam,90.26%
Kenilworth and Southam,Rugby,0.59%
Kenilworth and Southam,Stratford-on-Avon,2.28%
Kenilworth and Southam,Warwick and Leamington,6.88%
Kensington and Bayswater,Chelsea and Fulham,3.01%
Kensington and Bayswater,Cities of London and Westminster,1.75%
Kensington and Bayswater,Kensington,79.44%
Kensington and Bayswater,Westminster North,15.81%
Kettering,Corby,4.32%
Kettering,Kettering,95.68%
Kilmarnock and Loudoun,Kilmarnock and Loudoun,100.00%
Kingston and Surbiton,Kingston and Surbiton,91.38%
Kingston and Surbiton,Richmond Park,8.62%
Kingston upon Hull East,Kingston upon Hull East,85.40%
Kingston upon Hull East,Kingston upon Hull North,14.60%
Kingston upon Hull North and Cottingham,Haltemprice and Howden,15.16%
Kingston upon Hull North and Cottingham,Kingston upon Hull East,2.71%
Kingston upon Hull North and Cottingham,Kingston upon Hull North,74.37%
Kingston upon Hull North and Cottingham,Kingston upon Hull West and Hessle,7.76%
Kingston upon Hull West and Haltemprice,Haltemprice and Howden,22.59%
Kingston upon Hull West and Haltemprice,Kingston upon Hull West and Hessle,77.41%
Kingswinford and South Staffordshire,Dudley South,41.72%
Kingswinford and South Staffordshire,South Staffordshire,58.28%
Knowsley,Knowsley,96.63%
Knowsley,St Helens South and Whiston,3.37%
Lagan Valley,Lagan Valley,89.91%
Lagan Valley,South Down,0
Lagan Valley,Upper Bann,10.09%
Lancaster and Wyre,Lancaster and Fleetwood,61.67%
Lancaster and Wyre,Morecambe and Lunesdale,14.55%
Lancaster and Wyre,Wyre and Preston North,23.78%
Leeds Central and Headingley,Leeds Central,38.15%
Leeds Central and Headingley,Leeds North East,0
Leeds Central and Headingley,Leeds North West,40.95%
Leeds Central and Headingley,Leeds West,20.90%
Leeds East,Elmet and Rothwell,18.54%
Leeds East,Leeds East,81.46%
Leeds North East,Leeds North East,100.00%
Leeds North West,Leeds North East,0
Leeds North West,Leeds North West,47.23%
Leeds North West,Pudsey,52.77%
Leeds South,Leeds Central,89.15%
Leeds South,Leeds East,10.60%
Leeds South,Morley and Outwood,0.25%
Leeds South West and Morley,Leeds Central,0.45%
Leeds South West and Morley,Leeds West,26.13%
Leeds South West and Morley,Morley and Outwood,73.42%
Leeds West and Pudsey,Leeds Central,0
Leeds West and Pudsey,Leeds West,51.43%
Leeds West and Pudsey,Pudsey,48.57%
Leicester East,Leicester East,100.00%
Leicester South,Leicester East,2.09%
Leicester South,Leicester South,97.91%
Leicester West,Leicester South,9.54%
Leicester West,Leicester West,90.46%
Leigh and Atherton,Bolton West,14.45%
Leigh and Atherton,Leigh,85.55%
Lewes,Bexhill and Battle,6.10%
Lewes,Eastbourne,7.95%
Lewes,Lewes,84.46%
Lewes,Wealden,1.50%
Lewisham East,Lewisham East,80.71%
Lewisham East,Lewisham West and Penge,10.86%
Lewisham East,"Lewisham, Deptford",8.43%
Lewisham North,Lewisham East,12.43%
Lewisham North,"Lewisham, Deptford",87.57%
Lewisham West and East Dulwich,Camberwell and Peckham,17.12%
Lewisham West and East Dulwich,Dulwich and West Norwood,16.38%
Lewisham West and East Dulwich,Lewisham West and Penge,51.02%
Lewisham West and East Dulwich,"Lewisham, Deptford",15.49%
Leyton and Wanstead,Chingford and Woodford Green,3.05%
Leyton and Wanstead,Ilford North,4.80%
Leyton and Wanstead,Ilford South,0.31%
Leyton and Wanstead,Leyton and Wanstead,91.84%
Lichfield,Lichfield,99.51%
Lichfield,Tamworth,0.49%
Lincoln,Lincoln,100.00%
Lincoln,Sleaford and North Hykeham,0
Liverpool Garston,Garston and Halewood,85.58%
Liverpool Garston,"Liverpool, Wavertree",14.42%
Liverpool Riverside,"Liverpool, Riverside",72.66%
Liverpool Riverside,"Liverpool, Walton",27.34%
Liverpool Walton,"Liverpool, Walton",60.01%
Liverpool Walton,"Liverpool, West Derby",33.43%
Liverpool Walton,Sefton Central,6.56%
Liverpool Wavertree,"Liverpool, Riverside",38.72%
Liverpool Wavertree,"Liverpool, Wavertree",61.28%
Liverpool West Derby,Knowsley,21.55%
Liverpool West Derby,"Liverpool, Wavertree",16.03%
Liverpool West Derby,"Liverpool, West Derby",62.42%
Livingston,Linlithgow and East Falkirk,0
Livingston,Livingston,100.00%
Llanelli,Carmarthen East and Dinefwr,12.42%
Llanelli,Llanelli,87.58%
Lothian East,East Lothian,100.00%
Loughborough,Loughborough,100.00%
Louth and Horncastle,Boston and Skegness,0.47%
Louth and Horncastle,Gainsborough,2.68%
Louth and Horncastle,Louth and Horncastle,96.85%
Lowestoft,Waveney,100.00%
Luton North,Luton North,93.95%
Luton North,Luton South,6.05%
Luton South and South Bedfordshire,Luton South,94.05%
Luton South and South Bedfordshire,South West Bedfordshire,5.95%
Macclesfield,Macclesfield,100.00%
Maidenhead,Maidenhead,78.10%
Maidenhead,Windsor,21.90%
Maidstone and Malling,Chatham and Aylesford,9.48%
Maidstone and Malling,Maidstone and The Weald,70.13%
Maidstone and Malling,Tonbridge and Malling,20.39%
Makerfield,Leigh,3.36%
Makerfield,Makerfield,96.64%
Maldon,Chelmsford,5.67%
Maldon,Maldon,94.33%
Manchester Central,Ashton-under-Lyne,17.53%
Manchester Central,Blackley and Broughton,17.80%
Manchester Central,Manchester Central,64.67%
Manchester Rusholme,Manchester Central,55.32%
Manchester Rusholme,"Manchester, Gorton",44.68%
Manchester Withington,"Manchester, Gorton",4.81%
Manchester Withington,"Manchester, Withington",95.19%
Mansfield,Mansfield,100.00%
Melksham and Devizes,Chippenham,50.47%
Melksham and Devizes,Devizes,36.53%
Melksham and Devizes,North Wiltshire,10.22%
Melksham and Devizes,South West Wiltshire,2.78%
Melton and Syston,Charnwood,36.23%
Melton and Syston,Loughborough,8.92%
Melton and Syston,Rutland and Melton,54.85%
Meriden and Solihull East,Meriden,74.96%
Meriden and Solihull East,Solihull,25.04%
Merthyr Tydfil and Aberdare,Brecon and Radnorshire,0
Merthyr Tydfil and Aberdare,Cynon Valley,40.97%
Merthyr Tydfil and Aberdare,Merthyr Tydfil and Rhymney,59.03%
Mid and South Pembrokeshire,Carmarthen West and South Pembrokeshire,45.28%
Mid and South Pembrokeshire,Preseli Pembrokeshire,54.72%
Mid Bedfordshire,Bedford,0
Mid Bedfordshire,Mid Bedfordshire,100.00%
Mid Buckinghamshire,Aylesbury,41.16%
Mid Buckinghamshire,Buckingham,42.77%
Mid Buckinghamshire,Chesham and Amersham,16.07%
Mid Cheshire,Congleton,15.32%
Mid Cheshire,Eddisbury,42.74%
Mid Cheshire,Tatton,5.39%
Mid Cheshire,Weaver Vale,36.55%
Mid Derbyshire,Derbyshire Dales,4.61%
Mid Derbyshire,Mid Derbyshire,95.39%
Mid Dorset and North Poole,Bournemouth West,3.39%
Mid Dorset and North Poole,Christchurch,1.27%
Mid Dorset and North Poole,Mid Dorset and North Poole,88.70%
Mid Dorset and North Poole,North Dorset,5.21%
Mid Dorset and North Poole,Poole,0
Mid Dorset and North Poole,South Dorset,1.43%
Mid Dunbartonshire,"Cumbernauld, Kilsyth and Kirkintilloch East",9.33%
Mid Dunbartonshire,East Dunbartonshire,90.67%
Mid Dunbartonshire,Glasgow North East,0
Mid Leicestershire,Bosworth,13.43%
Mid Leicestershire,Charnwood,69.59%
Mid Leicestershire,South Leicestershire,16.98%
Mid Norfolk,Mid Norfolk,94.66%
Mid Norfolk,South Norfolk,0.65%
Mid Norfolk,South West Norfolk,4.69%
Mid Sussex,Arundel and South Downs,17.62%
Mid Sussex,Mid Sussex,82.38%
Mid Ulster,Fermanagh and South Tyrone,4.47%
Mid Ulster,Mid Ulster,95.53%
Middlesbrough and Thornaby East,Middlesbrough,82.61%
Middlesbrough and Thornaby East,Middlesbrough South and East Cleveland,2.50%
Middlesbrough and Thornaby East,Stockton South,14.89%
Middlesbrough South and East Cleveland,Middlesbrough,5.52%
Middlesbrough South and East Cleveland,Middlesbrough South and East Cleveland,94.48%
Midlothian,Midlothian,100.00%
Milton Keynes Central,Milton Keynes North,48.49%
Milton Keynes Central,Milton Keynes South,51.51%
Milton Keynes North,Milton Keynes North,79.27%
Milton Keynes North,Milton Keynes South,20.73%
Mitcham and Morden,Mitcham and Morden,92.09%
Mitcham and Morden,Wimbledon,7.91%
Monmouthshire,Monmouth,81.12%
Monmouthshire,Newport East,18.88%
Montgomeryshire and Glyndwr,Clwyd South,34.81%
Montgomeryshire and Glyndwr,Montgomeryshire,65.19%
"Moray West, Nairn and Strathspey","Inverness, Nairn, Badenoch and Strathspey",30.34%
"Moray West, Nairn and Strathspey",Moray,69.66%
"Moray West, Nairn and Strathspey","Ross, Skye and Lochaber",0
Morecambe and Lunesdale,Lancaster and Fleetwood,4.61%
Morecambe and Lunesdale,Morecambe and Lunesdale,76.51%
Morecambe and Lunesdale,Westmorland and Lonsdale,18.88%
"Motherwell, Wishaw and Carluke",Airdrie and Shotts,0
"Motherwell, Wishaw and Carluke",Lanark and Hamilton East,22.88%
"Motherwell, Wishaw and Carluke",Motherwell and Wishaw,77.12%
Na h-Eileanan an Iar,Na h-Eileanan an Iar,100.00%
Neath and Swansea East,Aberavon,12.77%
Neath and Swansea East,Gower,7.35%
Neath and Swansea East,Neath,49.36%
Neath and Swansea East,Swansea East,30.52%
New Forest East,New Forest East,100.00%
New Forest West,New Forest West,100.00%
Newark,Bassetlaw,4.00%
Newark,Newark,93.50%
Newark,Rushcliffe,1.38%
Newark,Sherwood,1.12%
Newbury,Newbury,100.00%
Newcastle upon Tyne Central and West,Newcastle upon Tyne Central,65.95%
Newcastle upon Tyne Central and West,Newcastle upon Tyne East,2.92%
Newcastle upon Tyne Central and West,Newcastle upon Tyne North,31.14%
Newcastle upon Tyne East and Wallsend,Newcastle upon Tyne East,60.01%
Newcastle upon Tyne East and Wallsend,North Tyneside,39.99%
Newcastle upon Tyne North,Newcastle upon Tyne Central,16.42%
Newcastle upon Tyne North,Newcastle upon Tyne East,24.38%
Newcastle upon Tyne North,Newcastle upon Tyne North,38.92%
Newcastle upon Tyne North,North Tyneside,20.27%
Newcastle-under-Lyme,Newcastle-under-Lyme,95.47%
Newcastle-under-Lyme,Stone,4.53%
Newport East,Newport East,60.27%
Newport East,Newport West,39.73%
Newport West and Islwyn,Islwyn,51.26%
Newport West and Islwyn,Newport West,48.74%
Newry and Armagh,Newry and Armagh,98.04%
Newry and Armagh,South Down,1.96%
Newton Abbot,Newton Abbot,100.00%
Newton Aycliffe and Spennymoor,Bishop Auckland,23.74%
Newton Aycliffe and Spennymoor,City of Durham,13.81%
Newton Aycliffe and Spennymoor,Sedgefield,62.46%
Normanton and Hemsworth,Hemsworth,83.15%
Normanton and Hemsworth,"Normanton, Pontefract and Castleford",16.85%
North Antrim,East Antrim,1.56%
North Antrim,North Antrim,98.44%
North Ayrshire and Arran,North Ayrshire and Arran,100.00%
North Bedfordshire,Bedford,2.13%
North Bedfordshire,Mid Bedfordshire,4.12%
North Bedfordshire,North East Bedfordshire,93.75%
North Cornwall,North Cornwall,93.82%
North Cornwall,St Austell and Newquay,6.18%
North Cotswolds,Stroud,19.87%
North Cotswolds,Tewkesbury,30.71%
North Cotswolds,The Cotswolds,49.42%
North Devon,North Devon,100.00%
North Dorset,North Dorset,97.82%
North Dorset,West Dorset,2.18%
North Down,Belfast East,4.84%
North Down,North Down,95.16%
North Down,Strangford,0
North Durham,North Durham,91.96%
North Durham,North West Durham,8.04%
North East Cambridgeshire,North East Cambridgeshire,100.00%
North East Derbyshire,Bolsover,0.28%
North East Derbyshire,North East Derbyshire,99.72%
North East Fife,Glenrothes,12.01%
North East Fife,North East Fife,87.99%
North East Hampshire,Basingstoke,8.27%
North East Hampshire,North East Hampshire,91.73%
North East Hertfordshire,North East Hertfordshire,100.00%
North East Somerset and Hanham,Kingswood,43.58%
North East Somerset and Hanham,North East Somerset,56.42%
North Herefordshire,Hereford and South Herefordshire,1.59%
North Herefordshire,North Herefordshire,98.41%
North Norfolk,Broadland,1.55%
North Norfolk,North Norfolk,98.45%
North Northumberland,Berwick-upon-Tweed,78.46%
North Northumberland,Wansbeck,21.54%
North Shropshire,North Shropshire,100.00%
North Somerset,North Somerset,100.00%
North Warwickshire and Bedworth,North Warwickshire,100.00%
North West Cambridgeshire,North West Cambridgeshire,98.70%
North West Cambridgeshire,Peterborough,1.30%
North West Essex,Saffron Walden,100.00%
North West Hampshire,Basingstoke,8.16%
North West Hampshire,North East Hampshire,5.48%
North West Hampshire,North West Hampshire,86.36%
North West Leicestershire,North West Leicestershire,100.00%
North West Norfolk,North West Norfolk,95.10%
North West Norfolk,South West Norfolk,4.90%
Northampton North,Northampton North,69.96%
Northampton North,Northampton South,30.04%
Northampton South,Northampton North,3.14%
Northampton South,Northampton South,61.86%
Northampton South,South Northamptonshire,35.00%
Norwich North,Broadland,5.44%
Norwich North,Norwich North,92.89%
Norwich North,Norwich South,1.67%
Norwich South,Norwich South,99.08%
Norwich South,South Norfolk,0.92%
Nottingham East,Nottingham East,88.23%
Nottingham East,Nottingham North,0
Nottingham East,Nottingham South,11.77%
Nottingham North and Kimberley,Broxtowe,15.07%
Nottingham North and Kimberley,Nottingham North,75.82%
Nottingham North and Kimberley,Nottingham South,9.11%
Nottingham South,Nottingham North,15.47%
Nottingham South,Nottingham South,84.53%
Nuneaton,Nuneaton,100.00%
Old Bexley and Sidcup,Bexleyheath and Crayford,11.29%
Old Bexley and Sidcup,Old Bexley and Sidcup,88.71%
Oldham East and Saddleworth,Oldham East and Saddleworth,100.00%
"Oldham West, Chadderton and Royton",Oldham West and Royton,100.00%
Orkney and Shetland,Orkney and Shetland,100.00%
Orpington,Bromley and Chislehurst,17.99%
Orpington,Orpington,82.01%
Ossett and Denby Dale,Colne Valley,0.12%
Ossett and Denby Dale,Dewsbury,31.22%
Ossett and Denby Dale,Hemsworth,15.65%
Ossett and Denby Dale,Wakefield,53.01%
Oxford East,Oxford East,100.00%
Oxford West and Abingdon,Oxford East,13.17%
Oxford West and Abingdon,Oxford West and Abingdon,82.72%
Oxford West and Abingdon,Wantage,4.11%
Paisley and Renfrewshire North,Glasgow South West,16.57%
Paisley and Renfrewshire North,Paisley and Renfrewshire North,76.79%
Paisley and Renfrewshire North,Paisley and Renfrewshire South,6.64%
Paisley and Renfrewshire South,Paisley and Renfrewshire North,11.56%
Paisley and Renfrewshire South,Paisley and Renfrewshire South,88.44%
Peckham,Bermondsey and Old Southwark,22.30%
Peckham,Camberwell and Peckham,77.70%
Pendle and Clitheroe,Pendle,74.30%
Pendle and Clitheroe,Ribble Valley,25.70%
Penistone and Stocksbridge,Penistone and Stocksbridge,100.00%
Penrith and Solway,Carlisle,7.57%
Penrith and Solway,Copeland,7.91%
Penrith and Solway,Penrith and The Border,38.62%
Penrith and Solway,Workington,45.90%
Perth and Kinross-shire,Ochil and South Perthshire,39.51%
Perth and Kinross-shire,Perth and North Perthshire,60.49%
Peterborough,North West Cambridgeshire,0
Peterborough,Peterborough,100.00%
Plymouth Moor View,"Plymouth, Moor View",94.77%
Plymouth Moor View,"Plymouth, Sutton and Devonport",5.23%
Plymouth Sutton and Devonport,"Plymouth, Sutton and Devonport",100.00%
"Pontefract, Castleford and Knottingley","Normanton, Pontefract and Castleford",100.00%
Pontypridd,Cynon Valley,29.39%
Pontypridd,Ogmore,13.02%
Pontypridd,Pontypridd,57.59%
Poole,Bournemouth West,0.70%
Poole,Poole,99.30%
Poplar and Limehouse,Poplar and Limehouse,100.00%
Portsmouth North,Portsmouth North,100.00%
Portsmouth South,Portsmouth South,100.00%
Preston,Fylde,6.19%
Preston,Preston,82.82%
Preston,Wyre and Preston North,10.99%
Putney,Battersea,9.46%
Putney,Putney,90.54%
Queen's Park and Maida Vale,Brent Central,18.32%
Queen's Park and Maida Vale,Hampstead and Kilburn,25.60%
Queen's Park and Maida Vale,Westminster North,56.08%
Rawmarsh and Conisbrough,Don Valley,30.12%
Rawmarsh and Conisbrough,Rother Valley,2.76%
Rawmarsh and Conisbrough,Wentworth and Dearne,67.12%
Rayleigh and Wickford,Rayleigh and Wickford,100.00%
Reading Central,Reading East,71.25%
Reading Central,Reading West,28.75%
Reading West and Mid Berkshire,Newbury,16.58%
Reading West and Mid Berkshire,Reading West,67.37%
Reading West and Mid Berkshire,Wokingham,16.05%
Redcar,Middlesbrough South and East Cleveland,6.30%
Redcar,Redcar,93.70%
Redditch,Mid Worcestershire,5.82%
Redditch,Redditch,94.18%
Reigate,Epsom and Ewell,14.69%
Reigate,Reigate,85.31%
Rhondda and Ogmore,Ogmore,18.99%
Rhondda and Ogmore,Pontypridd,12.88%
Rhondda and Ogmore,Rhondda,68.13%
Ribble Valley,Preston,0.32%
Ribble Valley,Ribble Valley,67.35%
Ribble Valley,Wyre and Preston North,32.33%
Richmond and Northallerton,Richmond (Yorks),99.30%
Richmond and Northallerton,Thirsk and Malton,0.70%
Richmond Park,Richmond Park,100.00%
Rochdale,Rochdale,100.00%
Rochester and Strood,Rochester and Strood,100.00%
Romford,Hornchurch and Upminster,1.53%
Romford,Romford,98.47%
Romsey and Southampton North,North West Hampshire,13.09%
Romsey and Southampton North,Romsey and Southampton North,86.91%
Rossendale and Darwen,Blackburn,2.57%
Rossendale and Darwen,Rossendale and Darwen,97.43%
Rother Valley,Rother Valley,99.04%
Rother Valley,Rotherham,0.96%
Rotherham,Rother Valley,5.17%
Rotherham,Rotherham,82.91%
Rotherham,Wentworth and Dearne,11.92%
Rugby,Kenilworth and Southam,1.38%
Rugby,Rugby,98.62%
"Ruislip, Northwood and Pinner",Harrow West,6.38%
"Ruislip, Northwood and Pinner","Ruislip, Northwood and Pinner",84.01%
"Ruislip, Northwood and Pinner",Uxbridge and South Ruislip,9.61%
Runcorn and Helsby,City of Chester,1.57%
Runcorn and Helsby,Eddisbury,3.19%
Runcorn and Helsby,Ellesmere Port and Neston,7.37%
Runcorn and Helsby,Halton,35.79%
Runcorn and Helsby,Weaver Vale,52.09%
Runnymede and Weybridge,Esher and Walton,18.14%
Runnymede and Weybridge,Runnymede and Weybridge,81.86%
Rushcliffe,Rushcliffe,100.00%
Rutherglen,"East Kilbride, Strathaven and Lesmahagow",0
Rutherglen,Lanark and Hamilton East,14.69%
Rutherglen,Rutherglen and Hamilton West,85.31%
Rutland and Stamford,Grantham and Stamford,40.70%
Rutland and Stamford,Rutland and Melton,59.30%
Salford,Blackley and Broughton,14.06%
Salford,Salford and Eccles,85.94%
Salisbury,Salisbury,88.73%
Salisbury,South West Wiltshire,11.27%
Scarborough and Whitby,Scarborough and Whitby,100.00%
Scunthorpe,Brigg and Goole,14.06%
Scunthorpe,Scunthorpe,85.94%
Sefton Central,Sefton Central,86.12%
Sefton Central,Southport,13.88%
Selby,Elmet and Rothwell,22.36%
Selby,Selby and Ainsty,77.64%
Sevenoaks,Dartford,7.95%
Sevenoaks,Sevenoaks,92.05%
Sheffield Brightside and Hillsborough,Penistone and Stocksbridge,0
Sheffield Brightside and Hillsborough,Sheffield Central,0.88%
Sheffield Brightside and Hillsborough,"Sheffield, Brightside and Hillsborough",99.12%
Sheffield Central,Sheffield Central,100.00%
Sheffield Central,"Sheffield, Hallam",0
Sheffield Hallam,Sheffield Central,4.51%
Sheffield Hallam,"Sheffield, Hallam",94.94%
Sheffield Hallam,"Sheffield, Heeley",0.54%
Sheffield Heeley,Sheffield Central,21.49%
Sheffield Heeley,"Sheffield, Hallam",0.45%
Sheffield Heeley,"Sheffield, Heeley",78.06%
Sheffield South East,Sheffield South East,90.34%
Sheffield South East,"Sheffield, Heeley",9.66%
Sherwood Forest,Newark,6.16%
Sherwood Forest,Sherwood,93.84%
Shipley,Shipley,100.00%
Shrewsbury,Shrewsbury and Atcham,100.00%
Sittingbourne and Sheppey,Sittingbourne and Sheppey,100.00%
Skipton and Ripon,Harrogate and Knaresborough,0.37%
Skipton and Ripon,Selby and Ainsty,1.02%
Skipton and Ripon,Skipton and Ripon,98.61%
Sleaford and North Hykeham,Sleaford and North Hykeham,100.00%
Slough,Slough,100.00%
Smethwick,Halesowen and Rowley Regis,10.06%
Smethwick,Warley,89.94%
Solihull West and Shirley,Meriden,16.89%
Solihull West and Shirley,Solihull,83.11%
South Antrim,Belfast North,0.72%
South Antrim,Belfast West,0
South Antrim,East Antrim,0.89%
South Antrim,Lagan Valley,1.58%
South Antrim,South Antrim,96.80%
South Basildon and East Thurrock,South Basildon and East Thurrock,89.53%
South Basildon and East Thurrock,Thurrock,10.47%
South Cambridgeshire,Cambridge,9.20%
South Cambridgeshire,South Cambridgeshire,71.78%
South Cambridgeshire,South East Cambridgeshire,19.02%
South Cotswolds,Chippenham,0
South Cotswolds,North Wiltshire,45.04%
South Cotswolds,The Cotswolds,54.96%
South Derbyshire,South Derbyshire,100.00%
South Devon,South West Devon,4.51%
South Devon,Torbay,0
South Devon,Totnes,95.49%
South Dorset,Mid Dorset and North Poole,0
South Dorset,South Dorset,93.61%
South Dorset,West Dorset,6.39%
South Down,Lagan Valley,0.46%
South Down,Newry and Armagh,1.73%
South Down,South Down,95.21%
South Down,Strangford,0
South Down,Upper Bann,2.60%
South East Cornwall,South East Cornwall,100.00%
South Holland and The Deepings,South Holland and The Deepings,100.00%
South Leicestershire,Harborough,8.29%
South Leicestershire,South Leicestershire,91.71%
South Norfolk,Mid Norfolk,19.76%
South Norfolk,South Norfolk,80.24%
South Northamptonshire,Daventry,9.23%
South Northamptonshire,South Northamptonshire,84.58%
South Northamptonshire,Wellingborough,6.19%
South Ribble,Chorley,4.31%
South Ribble,Ribble Valley,8.84%
South Ribble,South Ribble,86.85%
South Shields,Jarrow,9.44%
South Shields,South Shields,90.56%
South Shropshire,Ludlow,89.92%
South Shropshire,Shrewsbury and Atcham,10.08%
South Suffolk,South Suffolk,100.00%
South West Devon,South West Devon,92.34%
South West Devon,Torridge and West Devon,7.66%
South West Hertfordshire,Hemel Hempstead,5.34%
South West Hertfordshire,South West Hertfordshire,63.76%
South West Hertfordshire,St Albans,4.34%
South West Hertfordshire,Watford,26.56%
South West Norfolk,Mid Norfolk,1.97%
South West Norfolk,North West Norfolk,0.61%
South West Norfolk,South West Norfolk,97.42%
South West Wiltshire,Chippenham,5.40%
South West Wiltshire,South West Wiltshire,94.60%
Southampton Itchen,"Southampton, Itchen",100.00%
Southampton Test,"Southampton, Test",100.00%
Southend East and Rochford,Rayleigh and Wickford,3.65%
Southend East and Rochford,Rochford and Southend East,96.35%
Southend West and Leigh,Rochford and Southend East,10.90%
Southend West and Leigh,Southend West,89.10%
Southgate and Wood Green,Edmonton,1.89%
Southgate and Wood Green,Enfield North,2.24%
Southgate and Wood Green,"Enfield, Southgate",54.86%
Southgate and Wood Green,Hornsey and Wood Green,33.01%
Southgate and Wood Green,Tottenham,7.99%
Southport,South Ribble,17.45%
Southport,Southport,82.55%
Spelthorne,Spelthorne,100.00%
Spen Valley,Batley and Spen,75.34%
Spen Valley,Dewsbury,20.78%
Spen Valley,Huddersfield,3.88%
St Albans,St Albans,100.00%
St Albans,Welwyn Hatfield,0
St Austell and Newquay,South East Cornwall,0.40%
St Austell and Newquay,St Austell and Newquay,99.60%
St Helens North,St Helens North,100.00%
St Helens South and Whiston,St Helens South and Whiston,100.00%
St Ives,Camborne and Redruth,3.62%
St Ives,St Ives,96.38%
St Neots and Mid Cambridgeshire,Huntingdon,42.21%
St Neots and Mid Cambridgeshire,South Cambridgeshire,40.13%
St Neots and Mid Cambridgeshire,South East Cambridgeshire,17.66%
Stafford,Stafford,75.48%
Stafford,Stone,24.52%
Staffordshire Moorlands,Staffordshire Moorlands,85.88%
Staffordshire Moorlands,Stone,14.12%
Stalybridge and Hyde,Stalybridge and Hyde,100.00%
Stevenage,North East Hertfordshire,0
Stevenage,Stevenage,100.00%
Stirling and Strathallan,Ochil and South Perthshire,9.50%
Stirling and Strathallan,Stirling,90.50%
Stockport,Denton and Reddish,27.31%
Stockport,Stockport,72.69%
Stockton North,Stockton North,90.19%
Stockton North,Stockton South,9.81%
Stockton West,Sedgefield,11.44%
Stockton West,Stockton North,3.98%
Stockton West,Stockton South,84.58%
Stoke-on-Trent Central,Stoke-on-Trent Central,74.07%
Stoke-on-Trent Central,Stoke-on-Trent North,6.30%
Stoke-on-Trent Central,Stoke-on-Trent South,19.62%
Stoke-on-Trent North,Staffordshire Moorlands,3.39%
Stoke-on-Trent North,Stoke-on-Trent Central,4.50%
Stoke-on-Trent North,Stoke-on-Trent North,92.10%
Stoke-on-Trent South,Stoke-on-Trent Central,0
Stoke-on-Trent South,Stoke-on-Trent South,72.59%
Stoke-on-Trent South,Stone,27.41%
"Stone, Great Wyrley and Penkridge",South Staffordshire,47.15%
"Stone, Great Wyrley and Penkridge",Stafford,30.05%
"Stone, Great Wyrley and Penkridge",Stone,22.80%
Stourbridge,Dudley South,32.22%
Stourbridge,Stourbridge,67.78%
Strangford,South Down,14.47%
Strangford,Strangford,85.53%
Stratford and Bow,Bethnal Green and Bow,26.03%
Stratford and Bow,Poplar and Limehouse,9.16%
Stratford and Bow,West Ham,64.81%
Stratford-on-Avon,Kenilworth and Southam,0
Stratford-on-Avon,Stratford-on-Avon,100.00%
Streatham and Croydon North,Croydon North,48.34%
Streatham and Croydon North,Streatham,51.66%
Stretford and Urmston,Stretford and Urmston,100.00%
Stroud,Stroud,93.26%
Stroud,The Cotswolds,6.74%
Suffolk Coastal,Suffolk Coastal,100.00%
Sunderland Central,Sunderland Central,100.00%
Surrey Heath,Surrey Heath,92.18%
Surrey Heath,Woking,7.82%
Sussex Weald,Bexhill and Battle,15.68%
Sussex Weald,Wealden,84.32%
Sutton and Cheam,Carshalton and Wallington,0
Sutton and Cheam,Sutton and Cheam,100.00%
Sutton Coldfield,"Birmingham, Erdington",0
Sutton Coldfield,Sutton Coldfield,100.00%
Swansea West,Swansea East,48.82%
Swansea West,Swansea West,51.18%
Swindon North,North Swindon,100.00%
Swindon South,North Swindon,13.11%
Swindon South,South Swindon,86.89%
Tamworth,Lichfield,2.89%
Tamworth,Tamworth,97.11%
Tatton,Tatton,86.01%
Tatton,Warrington South,12.94%
Tatton,Weaver Vale,1.05%
Taunton and Wellington,Taunton Deane,100.00%
Telford,Telford,97.24%
Telford,The Wrekin,2.76%
Tewkesbury,Cheltenham,7.18%
Tewkesbury,Gloucester,6.69%
Tewkesbury,Tewkesbury,86.12%
The Wrekin,North Shropshire,8.51%
The Wrekin,The Wrekin,91.49%
Thirsk and Malton,Richmond (Yorks),13.03%
Thirsk and Malton,Thirsk and Malton,86.97%
Thornbury and Yate,Filton and Bradley Stoke,7.93%
Thornbury and Yate,Kingswood,0.31%
Thornbury and Yate,Thornbury and Yate,91.76%
Thurrock,Thurrock,100.00%
Tipton and Wednesbury,West Bromwich East,24.49%
Tipton and Wednesbury,West Bromwich West,63.75%
Tipton and Wednesbury,Wolverhampton South East,11.77%
Tiverton and Minehead,Bridgwater and West Somerset,38.28%
Tiverton and Minehead,Taunton Deane,16.00%
Tiverton and Minehead,Tiverton and Honiton,45.72%
Tonbridge,Dartford,6.10%
Tonbridge,Sevenoaks,6.24%
Tonbridge,Tonbridge and Malling,87.65%
Tooting,Tooting,100.00%
Torbay,Torbay,98.60%
Torbay,Totnes,1.40%
Torfaen,Monmouth,10.45%
Torfaen,Torfaen,89.55%
Torridge and Tavistock,Central Devon,0.32%
Torridge and Tavistock,Torridge and West Devon,99.68%
Tottenham,Hackney North and Stoke Newington,15.50%
Tottenham,Hornsey and Wood Green,0.25%
Tottenham,Tottenham,84.25%
Truro and Falmouth,Camborne and Redruth,3.77%
Truro and Falmouth,St Austell and Newquay,2.36%
Truro and Falmouth,Truro and Falmouth,93.87%
Tunbridge Wells,Tunbridge Wells,100.00%
Twickenham,Twickenham,100.00%
Tynemouth,North Tyneside,8.15%
Tynemouth,Tynemouth,91.85%
Upper Bann,Newry and Armagh,3.37%
Upper Bann,Upper Bann,96.63%
Uxbridge and South Ruislip,Hayes and Harlington,0
Uxbridge and South Ruislip,"Ruislip, Northwood and Pinner",13.23%
Uxbridge and South Ruislip,Uxbridge and South Ruislip,86.77%
Vale of Glamorgan,Vale of Glamorgan,100.00%
Vauxhall and Camberwell Green,Bermondsey and Old Southwark,12.22%
Vauxhall and Camberwell Green,Camberwell and Peckham,15.79%
Vauxhall and Camberwell Green,Vauxhall,71.99%
Wakefield and Rothwell,Elmet and Rothwell,19.41%
Wakefield and Rothwell,Morley and Outwood,32.08%
Wakefield and Rothwell,Wakefield,48.52%
Wallasey,Wallasey,91.71%
Wallasey,Wirral West,8.29%
Walsall and Bloxwich,Walsall North,50.13%
Walsall and Bloxwich,Walsall South,49.87%
Walthamstow,Walthamstow,100.00%
Warrington North,Warrington North,100.00%
Warrington North,Warrington South,0
Warrington South,Warrington North,0.31%
Warrington South,Warrington South,99.69%
Warwick and Leamington,Kenilworth and Southam,5.58%
Warwick and Leamington,Warwick and Leamington,94.42%
Washington and Gateshead South,Blaydon,19.30%
Washington and Gateshead South,Washington and Sunderland West,80.70%
Watford,Hertsmere,7.26%
Watford,Watford,92.74%
Waveney Valley,Bury St Edmunds,19.18%
Waveney Valley,Central Suffolk and North Ipswich,20.65%
Waveney Valley,South Norfolk,41.20%
Waveney Valley,Suffolk Coastal,8.88%
Waveney Valley,Waveney,10.09%
Weald of Kent,Ashford,44.38%
Weald of Kent,Faversham and Mid Kent,13.04%
Weald of Kent,Folkestone and Hythe,2.85%
Weald of Kent,Maidstone and The Weald,39.74%
Wellingborough and Rushden,Corby,7.21%
Wellingborough and Rushden,Wellingborough,92.79%
Wells and Mendip Hills,Bridgwater and West Somerset,6.52%
Wells and Mendip Hills,North Somerset,10.10%
Wells and Mendip Hills,Wells,64.60%
Wells and Mendip Hills,Weston-Super-Mare,18.78%
Welwyn Hatfield,Welwyn Hatfield,100.00%
West Aberdeenshire and Kincardine,West Aberdeenshire and Kincardine,100.00%
West Bromwich,Halesowen and Rowley Regis,12.33%
West Bromwich,West Bromwich East,61.79%
West Bromwich,West Bromwich West,25.89%
West Dorset,North Dorset,0.72%
West Dorset,South Dorset,0.24%
West Dorset,West Dorset,99.03%
West Dunbartonshire,Glasgow North West,3.84%
West Dunbartonshire,West Dunbartonshire,96.16%
West Ham and Beckton,East Ham,26.17%
West Ham and Beckton,West Ham,73.83%
West Lancashire,West Lancashire,100.00%
West Suffolk,Bury St Edmunds,1.87%
West Suffolk,South Suffolk,3.58%
West Suffolk,West Suffolk,94.54%
West Tyrone,Foyle,2.33%
West Tyrone,Mid Ulster,4.82%
West Tyrone,West Tyrone,92.85%
West Worcestershire,West Worcestershire,100.00%
Westmorland and Lonsdale,Penrith and The Border,27.56%
Westmorland and Lonsdale,Westmorland and Lonsdale,72.44%
Weston-super-Mare,Weston-Super-Mare,100.00%
Wetherby and Easingwold,Elmet and Rothwell,43.86%
Wetherby and Easingwold,Harrogate and Knaresborough,5.10%
Wetherby and Easingwold,Leeds East,0
Wetherby and Easingwold,Selby and Ainsty,28.08%
Wetherby and Easingwold,Skipton and Ripon,4.50%
Wetherby and Easingwold,Thirsk and Malton,18.46%
Whitehaven and Workington,Copeland,63.23%
Whitehaven and Workington,Workington,36.77%
Widnes and Halewood,Garston and Halewood,22.47%
Widnes and Halewood,Halton,69.49%
Widnes and Halewood,Knowsley,0
Widnes and Halewood,St Helens South and Whiston,8.05%
Wigan,Wigan,100.00%
Wimbledon,Kingston and Surbiton,17.18%
Wimbledon,Wimbledon,82.82%
Winchester,Meon Valley,22.55%
Winchester,Winchester,77.45%
Windsor,Runnymede and Weybridge,16.05%
Windsor,Slough,13.11%
Windsor,Windsor,70.84%
Wirral West,Wirral South,30.66%
Wirral West,Wirral West,69.34%
Witham,Braintree,8.45%
Witham,Witham,91.55%
Witney,Oxford West and Abingdon,1.16%
Witney,Wantage,24.39%
Witney,Witney,74.45%
Woking,Woking,100.00%
Wokingham,Bracknell,20.54%
Wokingham,Maidenhead,18.06%
Wokingham,Wokingham,61.40%
Wolverhampton North East,Walsall North,23.32%
Wolverhampton North East,Wolverhampton North East,76.68%
Wolverhampton South East,Walsall North,14.40%
Wolverhampton South East,Walsall South,26.39%
Wolverhampton South East,Wolverhampton South East,59.22%
Wolverhampton West,Wolverhampton North East,11.08%
Wolverhampton West,Wolverhampton South East,11.20%
Wolverhampton West,Wolverhampton South West,77.72%
Worcester,Worcester,100.00%
Worsley and Eccles,Leigh,12.28%
Worsley and Eccles,Salford and Eccles,23.95%
Worsley and Eccles,Worsley and Eccles South,63.77%
Worthing West,Arundel and South Downs,11.42%
Worthing West,Worthing West,88.58%
Wrexham,Clwyd South,27.51%
Wrexham,Wrexham,72.49%
Wycombe,Aylesbury,0.75%
Wycombe,Wycombe,99.25%
Wyre Forest,Wyre Forest,100.00%
Wythenshawe and Sale East,Wythenshawe and Sale East,100.00%
Yeovil,Somerton and Frome,0.12%
Yeovil,Yeovil,99.88%
Ynys Môn,Ynys Môn,100.00%
York Central,York Central,94.64%
York Central,York Outer,5.36%
York Outer,York Central,1.37%
York Outer,York Outer,98.63%
